email_id,user_nm
r_dharshan@dellteam.com,RASHMI_dHARSHAN
naveen_bhadragiri@dellteam.com,NAVEEN_BHADRAGIRI
prashanth_s2@dell.com,PRASHANTH_S2
jay_ko@dell.com,JAY_KO
saptagiri_chatarjee@dellteam.com,SAPTAGIRI_CHATARJEE
kiran_kajana@dellteam.com,KIRAN_KAJANA
swapna_barma@dellteam.com,SWAPNA_BARMA
janardan_dubey@dellteam.com,JANARDAN_DUBEY
